model,split,samples,accuracy,precision_macro,recall_macro,f1_macro,precision_weighted,recall_weighted,f1_weighted,roc_auc_macro_ovr,pr_auc_macro,inference_time_seconds,inference_latency_ms_per_sample,training_time_seconds
lightgbm,external,918437,0.7471312675774169,0.7964789299733798,0.7037615426539205,0.7060191220327017,0.781851222490847,0.7471312675774169,0.724819370945668,0.7806492110249116,0.7956328956522218,2.08647430000201,0.0022717663813653,4.015692400000262
xgboost,external,918437,0.7465835980040003,0.7981527533146455,0.70263442728798,0.7045579648316289,0.7830340396745913,0.7465835980040003,0.7236131100468631,0.7805755622712816,0.7918768223968992,1.553494400002819,0.001691454503687,4.358169099999941
catboost,external,918437,0.6941205548121429,0.6853349455429519,0.6729382548825904,0.675598958449412,0.6902307116655784,0.6941205548121429,0.6888545561379092,0.7777320754134599,0.7902903541150347,1.553637199998775,0.0016916099852235,6.200278699998307
catboost,internal_test,60002,0.9999666677777408,0.9999666699996668,0.9999666677777408,0.9999666677777036,0.9999666699996668,0.9999666677777408,0.9999666677777036,0.9999987411950328,0.999998758096162,0.1194184000014502,0.0019902403253466,6.200278699998307
lightgbm,internal_test,60002,0.9999500016666112,0.999950002222074,0.9999500016666112,0.9999500016665972,0.999950002222074,0.9999500016666112,0.9999500016665972,0.9999034808791598,0.9998917461959658,0.138989400002174,0.0023164127862766,4.015692400000262
xgboost,internal_test,60002,0.9994000199993334,0.999400519366561,0.9994000199993334,0.9994000198493485,0.9994005193665612,0.9994000199993334,0.9994000198493485,0.9989512776937636,0.9978038251546768,0.1181766999980027,0.0019695460150995,4.358169099999941
catboost,validation,29998,0.9998333222214816,0.9998333777659292,0.9998333222214816,0.9998333222168508,0.9998333777659292,0.9998333222214816,0.9998333222168508,0.9999999866648888,0.9999999866663702,0.062085699999443,0.0020696613107354,6.200278699998307
lightgbm,validation,29998,0.9997999866657776,0.999800066644452,0.9997999866657776,0.999799986657776,0.999800066644452,0.9997999866657776,0.999799986657776,1.0,1.0,0.0692888000012317,0.0023097806520845,4.015692400000262
xgboost,validation,29998,0.9996666444429628,0.9996666799795536,0.9996666444429628,0.9996666444370356,0.9996666799795536,0.9996666444429628,0.9996666444370356,0.999991834466854,0.9999918668600706,0.0592199000020627,0.0019741282752871,4.358169099999941
